{"Xylanh_1": {"compression_pressure": 261.1875, "minimum_pressure": 153.46999999999997, "Pmax": 219.582131, "Minimum_pressure_intake": 13.92, "Pmin": 30, "Minimum_pressure_charge": 33.81694557321888}, "Xylanh_2": {"compression_pressure": 261.1875, "minimum_pressure": 153.46999999999997, "Pmax": 219.582131, "Minimum_pressure_intake": 13.92, "Pmin": 13.92, "Minimum_pressure_charge": 33.81694557321888}, "Xylanh_3": {"compression_pressure": 261.1875, "minimum_pressure": 153.46999999999997, "Pmax": 219.582131, "Minimum_pressure_intake": 13.92, "Pmin": 13.92, "Minimum_pressure_charge": 33.81694557321888}, "Xylanh_4": {"compression_pressure": 261.1875, "minimum_pressure": 153.46999999999997, "Pmax": 219.582131, "Minimum_pressure_intake": 13.92, "Pmin": 13.92, "Minimum_pressure_charge": 33.81694557321888}}